Episode,Loss
0,55295.03125
1,34268.72265625
2,74906.9453125
3,101221.5546875
4,39761.125
5,77126.8203125
6,30462.01953125
7,79565.140625
8,79268.7421875
9,21174.931640625
10,55248.69140625
11,11278.205078125
12,84309.0703125
13,63963.65234375
14,85337.390625
15,101104.03125
16,12085.4384765625
17,29102.427734375
18,47866.61328125
19,39204.7734375
20,23965.439453125
21,4988.78271484375
22,141878.90625
23,37198.28515625
24,54792.60546875
25,103518.28125
26,45548.578125
27,130898.1875
28,67200.09375
29,58314.46875
30,36035.1796875
31,52279.96875
32,40621.078125
33,46248.1171875
34,65951.6171875
35,31035.107421875
36,25185.017578125
37,63085.14453125
38,5830.03125
39,30982.853515625
40,27043.4296875
41,45764.87109375
42,66061.5625
43,54255.015625
44,15829.26953125
45,41684.953125
46,50762.03515625
47,24868.884765625
48,87465.125
49,40726.95703125
50,63577.984375
51,64560.828125
52,175375.484375
53,39992.1796875
54,33755.81640625
55,62827.80859375
56,86915.1875
57,74461.71875
58,25094.728515625
59,18350.64453125
60,22741.48046875
61,73397.796875
62,39154.375
63,25693.19921875
64,42173.66796875
65,39258.125
66,32338.80078125
67,68649.3046875
68,12361.33984375
69,42407.703125
70,54777.5703125
71,51582.66015625
72,65774.5
73,10910.466796875
74,60506.2890625
75,38682.81640625
76,39016.31640625
77,70550.1875
78,9785.478515625
79,38469.71875
80,7564.189453125
81,34875.35546875
82,32655.18359375
83,38125.4296875
84,43261.140625
85,16015.0517578125
86,123546.9140625
87,29833.052734375
88,22618.9765625
89,44651.90625
90,8776.2080078125
91,52372.1875
92,24669.44921875
93,28812.1484375
94,57446.1640625
95,44473.30078125
96,40306.0546875
97,37996.22265625
98,12867.6875
99,44085.8984375
100,42118.4296875
101,40761.0234375
102,22931.802734375
103,36197.73828125
104,65032.78125
105,35795.66796875
106,58568.2578125
107,52586.5078125
108,47249.41015625
109,41778.82421875
110,94002.9140625
111,29578.591796875
112,36098.0859375
113,26074.4140625
114,19370.12109375
115,51372.98828125
116,45237.921875
117,31688.3203125
118,45246.8125
119,32430.28515625
120,37746.5234375
121,30794.552734375
122,17351.71484375
123,8120.91015625
124,19195.267578125
125,71689.421875
126,25655.48046875
127,16531.9609375
128,53535.1328125
129,21904.83203125
130,58323.59765625
131,29003.490234375
132,32818.12890625
133,55382.578125
134,22242.4296875
135,36264.75
136,17928.619140625
137,17965.052734375
138,46312.20703125
139,28699.48046875
140,49309.9765625
141,24080.9765625
142,24508.21484375
143,32076.0703125
144,6547.380859375
145,19324.80078125
146,44260.7265625
147,21292.990234375
148,21632.98828125
149,9988.2265625
150,12630.4521484375
151,8240.392578125
152,42938.4921875
153,41101.49609375
154,23332.796875
155,17885.94921875
156,25464.57421875
157,48492.0234375
158,39503.6640625
159,25466.22265625
160,33153.3359375
161,16258.802734375
162,13365.2265625
163,36870.16796875
164,23562.76953125
165,52813.9296875
166,31148.53515625
167,19838.1484375
168,31604.7578125
169,34753.70703125
170,28591.94140625
171,14470.15625
172,48338.765625
173,31201.63671875
174,52366.21875
175,12927.142578125
176,32478.8359375
177,24445.52734375
178,42985.7421875
179,12050.701171875
180,18302.232421875
181,15680.4501953125
182,16461.328125
183,18602.845703125
184,16019.236328125
185,17373.4765625
186,18529.17578125
187,64690.1875
188,9799.033203125
189,3406.406982421875
190,43100.6796875
191,12390.53125
192,11090.958984375
193,7558.48828125
194,21190.037109375
195,37708.21875
196,19585.197265625
197,16954.140625
198,52048.1953125
199,14584.71484375
200,20413.4140625
201,9976.734375
202,18736.08203125
203,3883.57763671875
204,9303.072265625
205,39529.29296875
206,31053.8203125
207,16965.1953125
208,13352.9140625
209,25284.453125
210,17153.6796875
211,18339.337890625
212,14240.8984375
213,24363.015625
214,9315.177734375
215,17096.41796875
216,18283.46484375
217,16085.203125
218,11662.71875
219,17753.078125
220,15878.60546875
221,37810.828125
222,19531.80078125
223,8523.6826171875
224,25302.25
225,24179.15625
226,12335.34375
227,7189.5390625
228,23958.546875
229,4956.890625
230,6647.3828125
231,11607.046875
232,3957.4375
233,24058.953125
234,1489.18603515625
235,5386.4609375
236,12746.8203125
237,6277.15234375
238,13701.703125
239,11051.72265625
240,802.75
241,5236.875
242,-1249.0078125
243,-4649.765625
244,3503.58203125
245,2009.095703125
246,338.69140625
247,4811.83984375
248,-4635.734375
249,5977.357421875
250,3580.84375
251,-480.8046875
252,2558.408203125
253,-2861.71484375
254,-3841.43359375
255,-9431.0859375
256,-3984.62109375
257,663.486328125
258,378.255859375
259,-3526.3125
260,-18123.03125
261,-1445.681640625
262,-1164.4765625
263,-3622.015625
264,-556.71484375
265,-4950.2421875
266,2239.8359375
267,-5888.65625
268,1261.791015625
269,-20912.15625
270,-131.30078125
271,-7165.921875
272,-22326.15625
273,-4054.701171875
274,-10539.65625
275,-39384.375
276,-4340.7265625
277,-2213.86328125
278,-11856.8984375
279,-5066.3515625
280,-15097.1875
281,-18041.484375
282,-3679.67578125
283,-25682.65625
284,-4861.1484375
285,-5829.93359375
286,-5650.39453125
287,-9648.15625
288,-9639.13671875
289,-5958.40625
290,-2210.0390625
291,-9724.119140625
292,-33465.4921875
293,-8444.154296875
294,-12520.14453125
295,-24884.3515625
296,-12567.99609375
297,-14430.9765625
298,-10186.87890625
299,-9567.0859375
300,-21581.744140625
301,-14374.05859375
302,-25198.45703125
303,-31869.46484375
304,-9435.458984375
305,-35173.4609375
306,-15196.45703125
307,-46662.3125
308,-40222.828125
309,-38629.953125
310,-12694.66796875
311,-46495.484375
312,-15753.9921875
313,-11894.37890625
314,-13327.47265625
315,-31757.203125
316,-72818.703125
317,-14902.8046875
318,-46106.4296875
319,-53089.53125
320,-19676.03125
321,-28774.140625
322,-58443.4609375
323,-20468.35546875
324,-39787.234375
325,-20291.734375
326,-66676.40625
327,-47887.484375
328,-42403.11328125
329,-30214.95703125
330,-18030.93359375
331,-51483.703125
332,-59185.9453125
333,-59006.71875
334,-21164.234375
335,-4174.76123046875
336,-9596.6875
337,-51561.421875
338,-40134.1640625
339,-44109.53125
340,-13879.00390625
341,-35133.84765625
342,-38464.8984375
343,-26272.84375
344,-64402.8359375
345,-32162.9140625
346,-62579.93359375
347,-12869.76953125
348,-21590.19921875
349,-26134.701171875
350,-30484.640625
351,-24650.896484375
352,-34176.6015625
353,-98531.578125
354,-19911.171875
355,-35061.45703125
356,-31686.6015625
357,-64556.2578125
358,-18000.6953125
359,-21072.11328125
360,-87031.4140625
361,-56806.5625
362,-29273.20703125
363,-68309.3203125
364,-71013.265625
365,-44914.2890625
366,-29295.88671875
367,-26701.033203125
368,-39962.5390625
369,-29121.1328125
370,-93370.75
371,-58211.9375
372,-18595.76171875
373,-47596.2578125
374,-83133.0859375
375,-43119.625
376,-111800.2578125
377,-65054.203125
378,-34784.59375
379,-81357.2421875
380,-36082.08984375
381,-86511.921875
382,-35134.90625
383,-63675.37890625
384,-73443.09375
385,-108088.953125
386,-98287.84375
387,-46901.56640625
388,-89537.828125
389,-100787.5390625
390,-103158.296875
391,-36210.2265625
392,-88592.40625
393,-111229.21875
394,-68473.59375
395,-30688.84765625
396,-67635.8125
397,-38231.26953125
398,-46019.2421875
399,-33106.01953125
400,-234826.15625
401,-182471.28125
402,-79493.421875
403,-75409.484375
404,-137578.359375
405,-120122.234375
406,-51270.5
407,-17896.25390625
408,-121048.6171875
409,-39147.1640625
410,-10473.51953125
411,-74515.59375
412,-99509.28125
413,-14329.5224609375
414,-128007.1328125
415,-284494.0
416,-55344.609375
417,-51254.703125
418,-51486.765625
419,-185271.90625
420,-111779.546875
421,-122912.2265625
422,-42558.31640625
423,-85683.015625
424,-97886.40625
425,-57900.91015625
426,-83710.15625
427,-138730.1875
428,-26460.8359375
429,-39318.6953125
430,-173577.84375
431,-154798.859375
432,-90949.8515625
433,-186317.96875
434,-41931.859375
435,-39643.390625
436,-17199.49609375
437,-97979.4296875
438,-165123.65625
439,-96514.59375
440,-71653.75
441,-33773.703125
442,-316592.5
443,-108314.734375
444,-248410.578125
445,-175145.109375
446,-70094.7421875
447,-290056.84375
448,-170535.140625
449,-122121.9921875
450,-227843.328125
451,-88567.234375
452,-44216.171875
453,-72182.1796875
454,-67975.6953125
455,-130906.90625
456,-108779.703125
457,-144344.859375
458,-68565.296875
459,-147600.8125
460,-139933.53125
461,-92347.359375
462,-418048.0625
463,-32880.41796875
464,-107365.25
465,-109167.9765625
466,-83683.296875
467,-109034.6484375
468,-165314.71875
469,-48034.56640625
470,-28530.564453125
471,-122557.703125
472,-124015.0078125
473,-178126.265625
474,-83363.3515625
475,-128397.671875
476,-167290.3125
477,-107014.0625
478,-182156.015625
479,-117846.453125
480,-14473.47265625
481,-79685.2578125
482,-330775.0625
483,-291427.4375
484,-72037.828125
485,-43546.41796875
486,-155342.140625
487,-67564.9765625
488,-93756.28125
489,-77225.4375
490,-66541.0234375
491,-150891.421875
492,-185162.625
493,-196541.34375
494,-98059.46875
495,-50342.5
496,-282017.375
497,-46726.390625
498,-49824.6640625
499,-382032.375
500,-242472.09375
501,-40374.6328125
502,-153667.75
503,-150642.21875
504,-173652.03125
505,-127821.6640625
506,-256386.375
507,-165433.9375
508,-220916.359375
509,-84510.796875
510,-450239.71875
511,-148806.828125
512,-600672.3125
513,-32117.861328125
514,-96889.59375
515,-163962.875
516,-464174.75
517,-196502.1875
518,-117954.515625
519,-175976.46875
520,-111797.203125
521,-191921.53125
522,-106666.0078125
523,-138804.1875
524,-337950.1875
525,-209012.78125
526,-104631.9140625
527,-326408.8125
528,-222875.75
529,-174350.46875
530,-266243.4375
531,-157986.109375
532,-254987.78125
533,-233245.421875
534,-268746.75
535,-184516.828125
536,-166954.4375
537,-168424.65625
538,-86352.328125
539,-204036.5
540,-109116.3671875
541,-190076.21875
542,-292274.59375
543,-215115.875
544,-158652.96875
545,-491420.625
546,-355269.84375
547,-142374.84375
548,-174150.40625
549,-188053.265625
550,-40766.05078125
551,-188517.765625
552,-310006.21875
553,-237834.0625
554,-592554.6875
555,-234213.0625
556,-376150.90625
557,-237833.1875
558,-83325.078125
559,-70651.234375
560,-332399.03125
561,-413934.65625
562,-481925.0
563,-217340.859375
564,-560052.5625
565,-374893.625
566,-111930.09375
567,-258211.625
568,-145302.0625
569,-353498.875
570,-155930.09375
571,-391135.5625
572,-192912.34375
573,-327572.0
574,-54739.1875
575,-467271.4375
576,-283589.8125
577,-218354.9375
578,-211834.1875
579,-192208.625
580,-666476.0625
581,-121672.0859375
582,-250014.125
583,-278801.5
584,-1108787.75
585,-86140.8359375
586,-576432.5
587,-191677.21875
588,-649834.0625
589,-301411.75
590,-93852.3515625
591,-184469.90625
592,-360062.15625
593,-188378.625
594,-333277.96875
595,-209784.15625
596,-110103.484375
597,-347937.3125
598,-273385.5625
599,-412318.0
600,-417801.28125
601,-303139.71875
602,-141688.8125
603,-402609.03125
604,-87054.6875
605,-282721.59375
606,-385595.46875
607,-254634.046875
608,-262727.5
609,-137444.171875
610,-235547.640625
611,-458073.375
612,-290204.6875
613,-178065.84375
614,-274476.53125
615,-246807.6875
616,-397144.78125
617,-229229.875
618,-724738.6875
619,-133603.25
620,-100386.8359375
621,-401921.65625
622,-296727.8125
623,-222519.78125
624,-373905.21875
625,-381791.625
626,-432233.65625
627,-263185.0625
628,-127828.96875
629,-104407.09375
630,-149636.921875
631,-411032.875
632,-111700.59375
633,-410205.75
634,-165025.28125
635,-478462.625
636,-148622.078125
637,-472333.5625
638,-353833.125
639,-566979.0625
640,-141950.28125
641,-138287.015625
642,-490237.71875
643,-140176.1875
644,-60766.8359375
645,-231563.796875
646,-350454.3125
647,-451577.75
648,-371446.375
649,-517921.3125
650,-86976.3359375
651,-518137.4375
652,-219756.8125
653,-448398.9375
654,-479981.375
655,-585991.0625
656,-369721.0
657,-216238.140625
658,-561639.125
659,-786220.75
660,-434068.34375
661,-337520.1875
662,-605684.625
663,-353355.28125
664,-268992.875
665,-353391.71875
666,-171215.84375
667,-203326.09375
668,-209935.0
669,-436550.40625
670,-103697.4375
671,-219460.203125
672,-860518.25
673,-329834.125
674,-513004.875
675,-93370.046875
676,-238389.875
677,-904478.0
678,-554438.0
679,-590435.9375
680,-270792.96875
681,-744678.375
682,-503953.25
683,-364188.875
684,-325641.5625
685,-313355.40625
686,-225344.6875
687,-619157.125
688,-200752.640625
689,-405603.75
690,-425872.75
691,-701094.5
692,-354047.25
693,-459707.28125
694,-148289.59375
695,-217248.046875
696,-307865.71875
697,-108765.3046875
698,-276021.125
699,-949257.125
700,-341426.25
701,-855833.5625
702,-77216.7890625
703,-100875.765625
704,-269109.5
705,-732504.6875
706,-543344.25
707,-617711.375
708,-326128.28125
709,-255147.28125
710,-684177.75
711,-312354.84375
712,-691424.625
713,-101367.234375
714,-830037.0625
715,-576483.875
716,-299679.875
717,-805507.6875
718,-680112.5625
719,-671631.75
720,-290523.09375
721,-397147.15625
722,-233136.484375
723,-94463.421875
724,-225112.546875
725,-838820.125
726,-235355.828125
727,-1526559.625
728,-101933.40625
729,-403063.75
730,-633751.8125
731,-92386.265625
732,-816962.4375
733,-653742.6875
734,-114145.171875
735,-145108.859375
736,-521810.375
737,-441744.25
738,-494944.71875
739,-947196.0
740,-662851.9375
741,-616794.3125
742,-94937.625
743,-321343.1875
744,-477588.78125
745,-821399.9375
746,-771140.0
747,-324235.09375
748,-394782.8125
749,-462179.4375
750,-902879.125
751,-114985.90625
752,-424823.625
753,-706517.25
754,-553702.1875
755,-250913.75
756,-41571.0859375
757,-607498.0625
758,-1018075.8125
759,-484565.125
760,-309624.40625
761,-487577.28125
762,-1305949.25
763,-393210.21875
764,-511384.3125
765,-831724.5
766,-512899.4375
767,-701428.6875
768,-187663.9375
769,-337045.59375
770,-698525.0
771,-701341.625
772,-513424.0
773,-263489.5625
774,-880007.9375
775,-773719.6875
776,-414036.46875
777,-619964.75
778,-804008.8125
779,-573589.375
780,-546318.125
781,-540638.0625
782,-360647.46875
783,-618546.4375
784,-355330.9375
785,-1045311.5625
786,-302118.0625
787,-884018.3125
788,-1132240.5
789,-603535.125
790,-446643.125
791,-273912.125
792,-554317.125
793,-393795.0625
794,-627555.6875
795,-590943.8125
796,-1141696.375
797,-1048265.9375
798,-568588.8125
799,-439277.5
800,-742093.25
801,-347391.96875
802,-724862.3125
803,-201830.859375
804,-456389.53125
805,-575586.875
806,-414765.5625
807,-185135.359375
808,-546635.8125
809,-588671.5625
810,-321949.75
811,-462719.71875
812,-468724.4375
813,-602039.1875
814,-1121905.25
815,-303934.84375
816,-356783.84375
817,-592118.375
818,-714937.375
819,-326862.8125
820,-437587.3125
821,-1238693.75
822,-989808.75
823,-843547.0
824,-449059.75
825,-552944.375
826,-911763.4375
827,-1360223.125
828,-532091.9375
829,-996175.0
830,-912304.0
831,-708325.6875
832,-724742.5625
833,-633646.25
834,-242986.15625
835,-566549.4375
836,-361676.0
837,-271617.0
838,-832742.625
839,-423180.125
840,-103640.2734375
841,-483172.53125
842,-908445.1875
843,-482904.1875
844,-627571.3125
845,-965984.0
846,-258403.75
847,-779829.6875
848,-762749.625
849,-547470.6875
850,-1657506.75
851,-216254.125
852,-533813.25
853,-413730.625
854,-888575.6875
855,-469889.5625
856,-430948.5625
857,-364918.25
858,-961175.25
859,-1677903.625
860,-717982.3125
861,-270256.84375
862,-722326.25
863,-436209.09375
864,-1307281.375
865,-394034.40625
866,-792360.9375
867,-613433.625
868,-1060346.5
869,-131411.25
870,-462828.5
871,-735600.875
872,-691434.875
873,-637971.9375
874,-936482.625
875,-676443.625
876,-1211852.875
877,-655888.25
878,-926796.0625
879,-960713.6875
880,-550601.8125
881,-120395.140625
882,-771358.875
883,-636696.5625
884,-614065.875
885,-560440.25
886,-1200266.625
887,-392128.21875
888,-358162.03125
889,-881582.5
890,-637542.1875
891,-1011339.75
892,-779589.0
893,-327832.875
894,-305270.59375
895,-845632.375
896,-2235362.0
897,-1119499.125
898,-845336.1875
899,-174960.6875
900,-708581.625
901,-515893.65625
902,-1052842.0
903,-914139.8125
904,-830694.875
905,-489732.21875
906,-914045.125
907,-807287.5
908,-435208.15625
909,-579926.6875
910,-684110.3125
911,-871223.9375
912,-1388194.25
913,-120029.4140625
914,-2175981.0
915,-867011.875
916,-1362734.375
917,-629431.6875
918,-2497837.25
919,-902554.9375
920,-616077.4375
921,-174750.234375
922,-727899.0
923,-1023063.75
924,-794443.5
925,-1808129.875
926,-417181.5625
927,-547644.75
928,-562478.8125
929,-1012059.3125
930,-313106.9375
931,-904538.625
932,-1052612.5
933,-937432.0625
934,-1482505.5
935,-1523456.875
936,-984465.4375
937,-492101.6875
938,-521179.15625
939,-791362.5
940,-828646.25
941,-460033.125
942,-787063.75
943,-472561.71875
944,-776586.625
945,-775996.625
946,-927935.5625
947,-611937.1875
948,-605261.5
949,-262666.28125
950,-537347.5625
951,-1196476.0
952,-44908.22265625
953,-1329424.5
954,-647923.375
955,-849889.0
956,-958093.0625
957,-169202.46875
958,-3471166.0
959,-2385251.5
960,-1969783.75
961,-1449097.625
962,-572590.875
963,-1623371.0
964,-1299511.75
965,-929096.1875
966,-993448.4375
967,-957967.8125
968,-537291.25
969,-850916.4375
970,-426093.75
971,-1089310.875
972,-609304.8125
973,-685600.0
974,-410041.1875
975,-1183903.25
976,-627584.5625
977,-167652.109375
978,-645715.125
979,-1501579.25
980,-364461.84375
981,-1852750.75
982,-313467.09375
983,-452177.15625
984,-1318994.25
985,-716873.4375
986,-1091712.375
987,-1947844.625
988,-1278547.625
989,-830248.6875
990,-162246.34375
991,-136950.796875
992,-890938.125
993,-1295482.0
994,-896399.75
995,-1345311.375
996,-2815333.25
997,-298728.34375
998,-1185971.375
999,-1319393.125
1000,-589864.5625
1001,-1443348.875
1002,-1440297.75
1003,-544530.75
1004,-1242367.5
1005,-1126549.125
1006,-925951.5
1007,-707440.0625
1008,-2041556.375
1009,-690675.875
1010,-308009.59375
1011,-1406079.5
1012,-2672832.25
1013,-534046.3125
1014,-1349645.25
1015,-1024138.8125
1016,-2197598.75
1017,-1204267.0
1018,-896623.625
1019,-507666.4375
1020,-830408.75
1021,-1852435.25
1022,-1238501.625
1023,-1674201.25
1024,-224788.921875
1025,-617865.25
1026,-803992.1875
1027,-914728.25
1028,-2070920.0
1029,-1079400.625
1030,-754783.875
1031,-1644282.5
1032,-1025437.75
1033,-1688249.5
1034,-771523.625
1035,-1095289.875
1036,-431528.6875
1037,-772596.75
1038,-1701460.625
1039,-243137.34375
1040,-1476507.375
1041,-564715.8125
1042,-1544391.375
1043,-424986.375
1044,-1553374.75
1045,-1148479.375
1046,-2012979.625
1047,-2250126.5
1048,-1065341.0
1049,-1893884.375
1050,-2467773.75
1051,-1515238.125
1052,-494511.0625
1053,-1071017.125
1054,-669733.3125
1055,-2208421.0
1056,-1174035.375
1057,-1820346.625
1058,-1118062.125
1059,-746758.0
1060,-1325161.0
1061,-2218544.5
1062,-1443876.5
1063,-805887.4375
1064,-2031948.0
1065,-1270591.125
1066,-1897952.5
1067,-1450642.25
1068,-788447.5625
1069,-363298.15625
1070,-701093.4375
1071,-2527231.5
1072,-1540800.25
1073,-3304610.75
1074,-2195818.0
1075,-3155536.5
1076,-783512.125
1077,-2488162.0
1078,-1740430.375
1079,-1012881.3125
1080,-2008751.875
1081,-679803.375
1082,-1124526.625
1083,-1021182.125
1084,-1645527.125
1085,-1434048.0
1086,-840152.625
1087,-1410810.625
1088,-533750.9375
1089,-2087140.25
1090,-1097797.875
1091,-655461.5625
1092,-356834.5625
1093,-411088.8125
1094,-1384558.0
1095,-526255.4375
1096,-1096352.375
1097,-565140.4375
1098,-505392.46875
1099,-1268568.75
1100,-2170581.0
1101,-1707208.25
1102,-721698.9375
1103,-1878715.0
1104,-210378.75
1105,-1141914.75
1106,-2644804.5
1107,-942507.125
1108,-1778650.375
1109,-1079231.75
1110,-2417996.25
1111,-399287.0
1112,-1259315.25
1113,-1202110.125
1114,-1781862.125
1115,-2049558.25
1116,-1362656.5
1117,-834744.375
1118,-1614378.875
1119,-544788.875
1120,-804103.875
1121,-2462218.5
1122,-715473.3125
1123,-537018.25
1124,-2537361.75
1125,-865374.9375
1126,-1378572.375
1127,-718819.3125
1128,-1206805.625
1129,-3098687.0
1130,-1380543.75
1131,-1466945.0
1132,-895025.0
1133,-1021594.4375
1134,-1589204.75
1135,-395487.03125
1136,-1289057.5
1137,-881390.8125
1138,-2366553.25
1139,-2571051.5
1140,-1962787.875
1141,-652395.6875
1142,-2959575.75
1143,-2042826.875
1144,-1127074.625
1145,-2134276.75
1146,-3286406.25
1147,-1981705.25
1148,-1901307.5
1149,-595325.6875
1150,-1474312.0
1151,-4123475.0
1152,-3452847.0
1153,-2437466.75
1154,-1370878.75
1155,-666462.9375
1156,-859648.625
1157,-21031.982421875
1158,-3538769.0
1159,-2973945.75
1160,-721500.0625
1161,-629742.25
1162,-1811781.875
1163,-1555714.5
1164,-979871.375
1165,-1488074.125
1166,-2201763.5
1167,-2548725.0
1168,-1719584.125
1169,-1987765.25
1170,-1677539.125
1171,-1930201.5
1172,-5628348.5
1173,-1486320.375
1174,-2894493.25
1175,-1291340.75
1176,-1166263.875
1177,-3190118.5
1178,-2522841.75
1179,-1664423.0
1180,-1271646.0
1181,-1572499.25
1182,-1059839.625
1183,-1932736.0
1184,-1035248.0
1185,-2134952.25
1186,-444830.625
1187,-1040963.9375
1188,-1569727.25
1189,-2850523.0
1190,-1040404.25
1191,-787790.9375
1192,-1789507.5
1193,-1186335.125
1194,-2962479.25
1195,-943674.3125
1196,-2976710.0
1197,-1400794.25
1198,-483500.0
1199,-1971920.5
1200,-1226002.0
1201,-635316.8125
1202,-1162162.0
1203,-2628968.5
1204,-918132.75
1205,-1028628.5625
1206,-1884466.5
1207,-1020870.1875
1208,-1868455.875
1209,-3311442.5
1210,-3084636.75
1211,-953867.625
1212,-2256012.75
1213,-3103689.0
1214,-610629.9375
1215,-2457319.25
1216,-1600461.5
1217,-1211702.0
1218,-1442106.0
1219,-1703064.125
1220,-2855389.25
1221,-1409662.875
1222,-4337075.0
1223,-410016.8125
1224,-1384494.125
1225,-3547894.5
1226,-2418592.75
1227,-3683981.75
1228,-3146605.5
1229,-538826.375
1230,-1875626.5
1231,-1873215.0
1232,-1218056.75
1233,-581824.8125
1234,-197699.09375
1235,-2795787.0
1236,-1010347.3125
1237,-3469506.25
1238,-1704048.375
1239,-1668029.5
1240,17931.876953125
1241,-1037878.8125
1242,-445596.0625
1243,-4405707.5
1244,-3236936.0
1245,-3124308.75
1246,-911271.0625
1247,-2753069.25
1248,-1532169.75
1249,-231420.578125
1250,-1696790.75
1251,-1537564.25
1252,-2318619.75
1253,-1429344.625
1254,-2716176.0
1255,-2206428.5
1256,-2718049.75
1257,-137889.21875
1258,-1095781.25
1259,-167576.640625
1260,-4305976.5
1261,-1398792.375
1262,-3885571.0
1263,-1017216.0625
1264,-807523.9375
1265,-2504551.0
1266,-416433.09375
1267,-2711604.0
1268,-3249462.0
1269,-4415547.0
1270,-892718.125
1271,-1017134.5625
1272,-767971.3125
1273,-1212320.75
1274,-4047975.25
1275,-1902641.5
1276,-1501252.75
1277,-629291.375
1278,-2372857.0
1279,-2373942.5
1280,-2759159.75
1281,-1268809.5
1282,-726466.875
1283,-1678014.25
1284,-2117508.25
1285,-1935119.25
1286,-1168350.0
1287,-2063257.125
1288,-3640437.75
1289,-2021339.25
1290,-4503363.0
1291,-563903.75
1292,-1207416.125
1293,-4151189.25
1294,-978413.4375
1295,-3526558.25
1296,-804513.875
1297,-1407145.625
1298,-1980226.5
1299,-2726163.0
1300,-2507315.75
1301,-2886593.75
1302,-2163416.25
1303,-1458287.0
1304,-661015.3125
1305,-844502.9375
1306,-2895766.75
1307,-1509422.75
1308,-478114.28125
1309,-3210305.5
1310,-1253343.75
1311,-1712774.0
1312,-3015616.0
1313,-1375799.25
1314,-2236408.0
1315,-2801286.5
1316,-1653896.75
1317,-445653.5625
1318,-2317074.0
1319,-866628.375
1320,-1969466.125
1321,-1941647.25
1322,-2384307.25
1323,-1775270.375
1324,-2349362.5
1325,-2414192.25
1326,-1517238.5
1327,-274488.4375
1328,-1763477.125
1329,-1174204.125
1330,-2445503.75
1331,-1826908.0
1332,-2996091.5
1333,-1314446.25
1334,-903238.25
1335,-4545882.5
1336,-2291476.5
1337,-3047867.0
1338,-2663074.75
1339,-851428.75
1340,-2516865.25
1341,-3494255.5
1342,154168.3125
1343,-546586.75
1344,-1125529.625
1345,-2688383.5
1346,-2439032.5
1347,-926835.8125
1348,-2350191.5
1349,-909044.625
1350,-3357318.25
1351,-1092146.5
1352,-68439.2734375
1353,-3479198.75
1354,-456185.875
1355,-322035.0625
1356,-840648.6875
1357,-1897078.0
1358,-2672456.25
1359,-5072563.0
1360,-3410692.5
1361,-1491437.0
1362,-1490677.875
1363,-3937090.25
1364,-1296985.875
1365,-4092645.5
1366,-2604863.25
1367,-3397266.0
1368,-2739595.5
1369,-1989324.75
1370,-860029.3125
1371,-2306487.0
1372,-3268375.0
1373,-932919.6875
1374,-585123.0
1375,-1019612.0
1376,-800709.1875
1377,-2175817.75
1378,-816201.375
1379,-3748125.75
1380,-2973251.0
1381,-3132946.0
1382,-724055.5625
1383,-1842524.625
1384,-1043033.375
1385,-1434055.375
1386,-1347047.375
1387,-895475.5
1388,-2188632.5
1389,-1116325.5
1390,-582933.6875
1391,-3643760.5
1392,-1527568.625
1393,-2080793.5
1394,-2416436.5
1395,-1880611.25
1396,-1712783.75
1397,-587831.375
1398,-1923766.5
1399,-1602673.375
1400,-400250.03125
1401,-841863.6875
1402,-2468361.25
1403,-1129479.25
1404,-2553567.75
1405,-3072942.25
1406,-923976.25
1407,-1763143.125
1408,-5314818.5
1409,-2495231.75
1410,-2713486.5
1411,-1010810.1875
1412,-3424029.25
1413,-2255702.75
1414,-1921196.125
1415,-4835972.5
1416,-1747608.125
1417,-2631842.0
1418,-928714.875
1419,-3090817.5
1420,-2197651.5
1421,-2736607.5
1422,-1037997.875
1423,-714280.25
1424,-405204.75
1425,-2738145.75
1426,-3585848.5
1427,-673710.3125
1428,-1845103.0
1429,-1002838.1875
1430,-614884.25
1431,-1516509.0
1432,-6060509.5
1433,-4246472.5
1434,-996876.4375
1435,-492540.125
1436,-1626318.75
1437,-2786476.25
1438,-3112172.5
1439,-2139755.5
1440,-5193863.0
1441,-6128164.0
1442,-1916956.125
1443,-3863019.5
1444,-4726091.0
1445,-2261644.75
1446,-1948917.0
1447,-2946439.75
1448,-3418041.5
1449,-6779289.5
1450,-6350558.5
1451,-1666778.0
1452,-2075352.75
1453,-1134977.125
1454,-1395831.875
1455,-1813782.625
1456,-2366118.75
1457,-3605808.0
1458,-1326371.125
1459,-1037605.125
1460,-1683982.0
1461,-4278344.0
1462,-4793856.5
1463,-3245151.75
1464,-2008020.0
1465,-1703262.25
1466,-865051.8125
1467,-3803731.75
1468,-1875596.375
1469,-4525346.0
1470,-3567448.0
1471,-2705112.0
1472,-2035542.5
1473,-1998424.375
1474,-3264223.5
1475,-3616354.25
1476,-846574.4375
1477,-3526568.25
1478,-5530051.5
1479,-3091280.75
1480,-4137525.75
1481,-1689187.125
1482,-7325443.5
1483,-500052.15625
1484,-346638.46875
1485,-1345420.0
1486,-7788922.5
1487,-1372466.375
1488,-2802869.25
1489,-1759150.5
1490,-1423096.25
1491,-223976.546875
1492,-2349994.0
1493,-5153984.0
1494,-497594.0625
1495,-4832998.0
1496,-5311750.0
1497,-4976734.0
1498,-5549419.0
1499,-103124.921875
1500,-1317697.625
1501,-3198609.0
1502,-2853167.0
1503,-1674481.0
1504,-3049967.75
1505,-2854545.5
1506,-8139803.0
1507,-2029400.875
1508,-623326.0
1509,-2209595.0
1510,-3563498.75
1511,-2638110.25
1512,-5993682.0
1513,-1040322.625
1514,-11192082.0
1515,-3201612.0
1516,-1614522.5
1517,-1367338.125
1518,-3983091.5
1519,-823564.4375
1520,-3041253.25
1521,-2475871.0
1522,-2157026.5
1523,-4130451.25
1524,-166482.953125
1525,-2949923.0
1526,-2285335.75
1527,-3651775.75
1528,-2668631.0
1529,-1485117.75
1530,-2906943.0
1531,-3072574.25
1532,-5027451.0
1533,-991707.125
1534,-2572994.5
1535,-3582114.75
1536,-328379.46875
1537,-4714081.5
1538,-1602165.625
1539,-1770660.875
1540,-1394637.5
1541,-2257097.75
1542,-3529824.5
1543,-3459769.0
1544,-3273614.0
1545,-5010898.0
1546,-3486305.0
1547,-4964375.5
1548,-679860.0625
1549,-2640926.0
1550,-1861222.625
1551,-3395157.25
1552,-3862606.75
1553,170012.3125
1554,-2081907.25
1555,-7446984.0
1556,-3404882.25
1557,-3239357.75
1558,-3230134.0
1559,-1609942.5
1560,-2937946.75
1561,-2551139.75
1562,-3201865.0
1563,-2405216.75
1564,-1614007.0
1565,-3723178.5
1566,-4509040.5
1567,-3602325.75
1568,-3392830.75
1569,-2862595.5
1570,-3712517.5
1571,-3490411.5
1572,-1273432.5
1573,-8546234.0
1574,-7541911.5
1575,-5310085.5
1576,-7062510.0
1577,-1644848.0
1578,-5864623.0
1579,-2201437.75
1580,-3358151.5
1581,-1488256.125
1582,-2975902.25
1583,-2626039.5
1584,-1284347.25
1585,-1228180.5
1586,-6828169.5
1587,-4346647.0
1588,-3283413.5
1589,-5059206.5
1590,-8198285.5
1591,-4695953.5
1592,-2151403.5
1593,-9554935.0
1594,-1387691.5
1595,-7814898.0
1596,-2453020.0
1597,-6964219.0
1598,-2602997.5
1599,-2119333.5
1600,-1465923.5
1601,-3320899.5
1602,-2956158.75
1603,-3199488.25
1604,-2062125.5
1605,-1387826.125
1606,-1260001.375
1607,-4666381.5
1608,-5376036.5
1609,-8940681.0
1610,-6565725.0
1611,-2428821.75
1612,-1298300.625
1613,-1611013.5
1614,-3421220.5
1615,-879775.75
1616,-749828.0625
1617,-4884135.0
1618,-3190859.75
1619,-2613088.25
1620,-3336193.75
1621,-1582071.875
1622,-9077978.0
1623,258488.65625
1624,-2472503.0
1625,-1162841.25
1626,-1854176.75
1627,-684368.25
1628,397221.8125
1629,-2126589.25
1630,-3990959.0
1631,-1958158.125
1632,-2107784.5
1633,-1596407.875
1634,-5933854.0
1635,-764586.0625
1636,-5437168.0
1637,-2532769.0
1638,-6444490.5
1639,-485529.25
1640,-3577957.0
1641,126227.984375
1642,-3789739.5
1643,-8151131.0
1644,-5265057.5
1645,-2813617.25
1646,-4232133.0
1647,-962029.375
1648,-25769.546875
1649,-5099454.5
1650,-4086715.75
1651,-3107863.25
1652,-822756.375
1653,-3787573.25
1654,-3082004.0
1655,-2883448.25
1656,-5151031.5
1657,-6956333.0
1658,-6173170.5
1659,-1095191.25
1660,-2562207.0
1661,-1061135.625
1662,-3705116.25
1663,-4091099.25
1664,-2758697.75
1665,-1828145.0
1666,-2479945.5
1667,-106546.890625
1668,-5317537.5
1669,-1191697.25
1670,-4130427.75
1671,-2225318.25
1672,-1789183.625
1673,-3847397.75
1674,-2800195.75
1675,-4124551.75
1676,-3353565.0
1677,-593227.4375
1678,-1036950.3125
1679,-720181.9375
1680,-3019430.0
1681,-1052308.375
1682,-1575530.5
1683,-1583158.125
1684,-1583305.125
1685,-2249099.25
1686,-2634826.5
1687,177131.5625
1688,-4991737.5
1689,-4241578.5
1690,-2800902.5
1691,-135965.921875
1692,-2536375.5
1693,-6991270.0
1694,-1806446.5
1695,-3467323.5
1696,-1839672.5
1697,-4058790.75
1698,-815374.75
1699,-508115.09375
1700,-3702580.75
1701,-1559364.875
1702,-3963379.25
1703,-2653789.0
1704,-668880.5
1705,-1752140.625
1706,-2679232.75
1707,-5988933.5
1708,-3171589.5
1709,-4894235.0
1710,-2569297.0
1711,-3173325.25
1712,-2978933.75
1713,-5582880.0
1714,-1976520.875
1715,-1874206.75
1716,-2922329.25
1717,-1076927.5
1718,-468863.125
1719,-3030809.5
1720,-112204.5625
1721,-1338672.5
1722,-4404607.0
1723,-3504738.5
1724,-2015767.25
1725,-495192.375
1726,-3239300.25
1727,-3127737.0
1728,453651.25
1729,-1248066.875
1730,414714.0625
1731,-2309735.75
1732,-4637343.0
1733,-1078256.0
1734,-1556128.875
1735,-303467.46875
1736,-2390136.75
1737,-738930.1875
1738,-3216082.0
1739,-2416953.0
1740,-1659101.25
1741,-2497229.0
1742,-4643054.5
1743,-2280562.75
1744,-320767.125
1745,-920926.375
1746,-1024136.75
1747,-2076649.125
1748,-3662458.25
1749,-4988645.5
1750,-1600300.5
1751,-3222925.25
1752,-5865718.0
1753,-6852053.5
1754,-5890345.0
1755,-383457.15625
1756,-1710242.75
1757,-3378459.25
1758,-2156212.75
1759,-3980631.75
1760,-752714.25
1761,-1779661.5
1762,-4528763.5
1763,-2974561.25
1764,-2421387.0
1765,-8703450.0
1766,-3603362.75
1767,-965269.1875
1768,-4759610.0
1769,-2203441.25
1770,-1931140.0
1771,-5176076.0
1772,-1832671.625
1773,-2596607.5
1774,-1823322.375
1775,-3848400.5
1776,-2814069.5
1777,-667437.125
1778,-347683.875
1779,-9684138.0
1780,-428289.78125
1781,-573375.125
1782,-835797.5
1783,-760306.9375
1784,-2751575.5
1785,-5269559.5
1786,-3519468.0
1787,-6383690.0
1788,-4153344.0
1789,-7035968.5
1790,-6555158.5
1791,-2821917.0
1792,-6617019.5
1793,-8393495.0
1794,-3466744.25
1795,-4548199.5
1796,-4281807.5
1797,-1620102.125
1798,-5038455.0
1799,-9960477.0
1800,-1522444.625
1801,-9702016.0
1802,180009.171875
1803,-6079845.0
1804,-1707838.25
1805,-2052203.25
1806,-5292855.5
1807,499351.21875
1808,-1766739.5
1809,-4094982.25
1810,-8081539.5
1811,-1933139.625
1812,-11025972.0
1813,-2132388.0
1814,-4150118.75
1815,-5248378.0
1816,-3158533.75
1817,-835683.5
1818,-4826914.0
1819,534569.0625
1820,1249220.5
1821,2369411.75
1822,-11347963.0
1823,-8100648.0
1824,-746294.125
1825,-7229364.5
1826,-9180480.0
1827,-2166906.75
1828,-4277386.0
1829,-2783692.0
1830,-3052768.5
1831,-29990.578125
1832,-5119308.5
1833,-363060.75
1834,-854510.0625
1835,-2741923.25
1836,-3998249.5
1837,-5100258.5
1838,-3575553.75
1839,-2181684.0
1840,1094878.0
1841,-4699433.5
1842,-3311172.75
1843,-1125122.875
1844,-1758683.375
1845,-685896.1875
1846,-3704574.5
1847,-6084465.5
1848,-1442008.0
1849,-1329319.25
1850,-1649840.625
1851,-1590045.125
1852,-1150210.25
1853,-1553329.0
1854,-2841803.0
1855,-3832395.75
1856,-7067798.0
1857,-4049894.25
1858,-3078999.0
1859,284399.15625
1860,-413875.34375
1861,-7241651.5
1862,-2597671.75
1863,-4205267.0
1864,21214.453125
1865,-941665.625
1866,1123087.5
1867,-656597.875
1868,-424883.65625
1869,-3970952.0
1870,-929170.625
1871,-2825588.0
1872,-7700074.5
1873,-6908692.5
1874,-2947299.0
1875,-1886873.25
1876,-3229802.75
1877,-4262538.5
1878,-2142300.5
1879,-1264686.5
1880,-4602761.5
1881,-4376580.0
1882,-1168172.75
1883,-6339762.5
1884,-3019276.5
1885,-2812768.25
1886,-1311087.75
1887,-2154915.5
1888,-3231137.25
1889,-3870743.75
1890,-1523311.25
1891,-3086097.0
1892,-5035621.0
1893,-7902633.0
1894,-8506603.0
1895,-6588832.0
1896,-3916210.5
1897,-6258123.0
1898,-2113863.0
1899,-6146569.5
1900,-4619083.5
1901,-572316.6875
1902,-14418397.0
1903,-747312.0
1904,-6081756.0
1905,-3617284.5
1906,-5202527.5
1907,-6890384.0
1908,-10011032.0
1909,-6320349.5
1910,-4205133.5
1911,-1432302.75
1912,-3424926.25
1913,-2986040.5
1914,-3960706.0
1915,-7994523.5
1916,-1078976.375
1917,-2797532.0
1918,-5100275.5
1919,-3196688.0
1920,451386.09375
1921,-4823279.5
1922,-1585033.5
1923,-4789198.0
1924,-4164254.25
1925,-1077685.625
1926,-3012550.0
1927,-10101542.0
1928,-6350083.0
1929,-3360277.75
1930,-1767396.625
1931,-7237271.5
1932,-9549701.0
1933,-5947594.5
1934,-3252532.25
1935,-4490382.5
1936,-7917826.0
1937,-5959941.0
1938,-5639169.5
1939,-2090423.375
1940,-6933101.0
1941,-6769906.5
1942,-5870286.5
1943,-1952304.625
1944,-3423006.75
1945,-201105.4375
1946,-2861306.25
1947,-1486501.375
1948,-5254111.5
1949,-7187124.0
1950,1505112.375
1951,-2822580.0
1952,312059.0625
1953,-6034462.0
1954,-7056242.0
1955,-2529460.25
1956,-325475.375
1957,-4484572.5
1958,-4710595.5
1959,-3621534.25
1960,1144052.5
1961,-1187963.5
1962,-2849778.75
1963,-4159527.25
1964,-10640434.0
1965,-1272217.0
1966,-3249750.5
1967,746628.5625
1968,-8552919.0
1969,-779777.5625
1970,-6671903.0
1971,-3660462.0
1972,-6550129.0
1973,-2051415.75
1974,-5843289.0
1975,-4741466.0
1976,-3795553.25
1977,-5043674.5
1978,-1973209.0
1979,-11070328.0
1980,-6007604.5
1981,-9410068.0
1982,-4847711.0
1983,-10986476.0
1984,-3562800.0
1985,-3197684.25
1986,-1971204.875
1987,-3512818.0
1988,-7018678.5
1989,-1620461.625
1990,-2609712.5
1991,-1512706.5
1992,-3272461.0
1993,-5194565.0
1994,-6931982.5
1995,-8323852.0
1996,233254.5
1997,-3947788.75
1998,-4704431.0
1999,-1299686.25
